{
    "q_liq": [
        1,
        26,
        51,
        76,
        101,
        126,
        151,
        176,
        201,
        226,
        251,
        276,
        301,
        326,
        351,
        376
    ],
    "p_wf": [
        179.72185543794131,
        179.71317181551598,
        179.68960991884097,
        179.65125802257404,
        179.5981358170043,
        179.53025239586287,
        179.44761305648873,
        179.35022128771558,
        179.23807957121218,
        179.11118976843255,
        178.9695533309566,
        178.813171424924,
        178.64204500944936,
        178.4561748885809,
        178.2555617471027,
        178.04020617604104
    ]
}